date,title,source
2024-11-14,GLD Still Shines 20 Years Later - ETF Trends,ETF Trends
2024-12-23,Gold Price Slips from GLD ETF's Debt-Ceiling Surge | Gold News - BullionVault,BullionVault
2025-01-25,SPDR Gold Shares ETF (GLD): How to Buy - The Motley Fool,The Motley Fool
2025-02-10,This gold ETF jumps to record after its longest winning streak since 2020 amid tariff concerns - MarketWatch,MarketWatch
2025-02-14,"Eureka! VanEck's Gold Miner ETF Outshines GLD, SPY - ETF.com",ETF.com
2025-02-17,Physically-backed gold ETFs do not lend their gold | Post by Joseph Cavatoni | Gold Focus blog - World Gold Council,World Gold Council
2025-02-18,Can a Gold IRA Counter Sticky Inflation for Retirement? - Kiplinger,Kiplinger
2025-02-24,Gold hits new record as ETF flows surge - InvestmentNews,InvestmentNews
2025-02-26,Gold ETFs Glitter as Crypto Investors Get the Jitters - ETF.com,ETF.com
2025-02-26,"Shares of SPDR Gold ETF saw record inflows amid geopolitical, economic uncertainties - Pensions & Investments",Pensions & Investments
2025-02-27,Gold: The Most Unloved But Best-Performing Asset Class? - ETF Trends,ETF Trends
2025-03-05,Investors Flock to Ultrashort Bond and Gold ETFs Amid Market Uncertainty - Morningstar,Morningstar
2025-03-07,Gold Mining ETFs Shine in Early 2025 - ETF Trends,ETF Trends
2025-03-09,Dollar’s Trouble Could Be Gold’s Triumph - ETF Trends,ETF Trends
2025-03-14,"Gold Tops $3K: GLD, IAU Surge as Investors Seek Safe Haven - ETF.com",ETF.com
2025-03-14,"Unearthed: Gold’s Next Move – ETFs, China & Investor Sentiment - World Gold Council",World Gold Council
2025-03-14,Gold ETF (AAAU) Hits New 52-Week High - Nasdaq,Nasdaq
2025-03-17,Does Vanguard Have a Gold ETF? - ETF.com,ETF.com
2025-03-17,Gold ETF (SGOL) Hits New 52-Week High - Yahoo Finance,Yahoo Finance
2025-03-20,Gold (GLD) or Gold Mining (GDX): Which ETF is Better? - Zacks Investment Research,Zacks Investment Research
2025-03-20,Investors Favor Gold Over Bitcoin ETFs During Recent Market Volatility - Morningstar,Morningstar
2025-03-21,Volatility Drives SPDR Gold ETF Assets to New Milestone - ETF.com,ETF.com
2025-03-24,Is SPDR Gold Trust a Millionaire Maker? - The Motley Fool,The Motley Fool
2025-03-26,Gold Mining ETF (SGDM) Tops in Q1: 5 Best-Performing Stocks - Yahoo Finance,Yahoo Finance
2025-03-26,GLD Inflows Hit $2 Billion: What’s Behind the Gold Rush? - ETF.com,ETF.com
2025-04-02,GLD: Are Record Gold Prices a Contrarian Indicator? - ETF.com,ETF.com
2025-04-02,Gold ETF (GLD) Hits New 52-Week High - Yahoo Finance,Yahoo Finance
2025-04-03,ETF inflows hit Q1 record as investors seek shelter - InvestmentNews,InvestmentNews
2025-04-03,ETF Investors Put Safety First in March - Morningstar,Morningstar
2025-04-08,Should You Be Concerned About the Pullback in Gold? - ETF Trends,ETF Trends
2025-04-08,"Gold ETFs drew largest inflow in three years in Q1, says WGC - Reuters",Reuters
2025-04-09,ETF Flows: Where Investors Put Their Money Amid Market Volatility - Morningstar,Morningstar
2025-04-10,Unearthed: Gold ETF Inflows Mark Shifting Investor Sentiment in Volatile Markets - World Gold Council,World Gold Council
2025-04-11,GLD Attracts a Strong $1.2 Billion Amid Market Pullback - Yahoo Finance,Yahoo Finance
2025-04-12,Gold ETF Flows: March 2025 - Seeking Alpha,Seeking Alpha
2025-04-14,China’s gold market update: Investment boom continues in March | Post by Ray Jia | Gold Focus blog - World Gold Council,World Gold Council
2025-04-16,Gold ETF (AAAU) Hits New 52-Week High - Nasdaq,Nasdaq
2025-04-17,Top Performing Leveraged/Inverse ETFs: 04/13/2025 - ETF Trends,ETF Trends
2025-04-22,Gold ETFs Hit Record Value but Not Record Holdings - ETF.com,ETF.com
2025-04-22,$1.2 Billion Pulled From Top Gold ETF as Markets Rally - ETF.com,ETF.com
2025-04-24,Gold ETF (IAU) Hits New 52-Week High - Yahoo Finance,Yahoo Finance
2025-04-29,SPDR Gold Shares ETF Shines Bright in Dark Macro Times - TipRanks,TipRanks
2025-05-01,Gold ETF investors may be surprised by their tax bill on profits - CNBC,CNBC
2025-05-03,It’s Not Too Late to Invest in Gold - ETF Trends,ETF Trends
2025-05-07,"Oil, Gold ETFs Rise on Commodity Resurgence - ETF.com",ETF.com
2025-05-08,GLD: Gold’s Surge Leaves Broad Commodity ETFs Behind - ETF.com,ETF.com
2025-05-08,Bitcoin and Gold Flows Tell a Different Story Than Prices - ETF.com,ETF.com
2025-05-09,Crypto Cage Match: Bitcoin vs. Ethereum vs. Gold - ETF.com,ETF.com
2025-05-09,Wall Street Brings the Bitcoin-Versus-Gold Clash to ETF Masses - Bloomberg,Bloomberg
2025-05-14,GLD: The Oldest And Largest Commodity ETF Product (NYSEARCA:GLD) - Seeking Alpha,Seeking Alpha
2025-05-14,China gold market update: Unseen investment passion | Post by Ray Jia | Gold Focus blog - World Gold Council,World Gold Council
2025-05-14,Here's Why You Should Stick With Gold ETFs - Yahoo Finance,Yahoo Finance
2025-05-22,Unearthed: How ETF Inflows Are Shaping Gold Demand in 2025 - World Gold Council,World Gold Council
2025-05-27,BMO Expands Suite of Physical Gold ETFs with New and Innovative Covered Call Spread Gold Bullion ETF - BMO,BMO
2025-05-28,Bitcoin ETFs Pull In $9 Billion as Investors Ditch Gold Holdings - Bloomberg,Bloomberg
2025-06-02,Product roundup: BMO launches gold ETF with a covered call spread strategy — and more - Investment Executive,Investment Executive
2025-06-05,NEOS Expands Alternatives Suite With Gold Income ETF - ETF Trends,ETF Trends
2025-06-06,Gold-mining ETF exits mount amid metal's torrid 2025 rally - InvestmentNews,InvestmentNews
2025-06-06,The world’s largest gold mining ETF is set to undergo a major index shift - Seeking Alpha,Seeking Alpha
2025-06-11,3 Different Gold ETF Strategies for the Second Half - VettaFi - Commentaries - Advisor Perspectives,Advisor Perspectives
2025-06-11,GLD Surges as Gold Becomes No. 2 Global Reserve Asset - ETF.com,ETF.com
2025-06-16,Gold Miner ETF (GDX) Hits New 52-Week High - Nasdaq,Nasdaq
2025-06-16,Rare Scenario Could Bode Well for This Gold ETF - ETF Trends,ETF Trends
2025-06-18,PPLT: Why Platinum Is Outshining Gold and Silver in 2025 - ETF.com,ETF.com
2025-06-27,A Golden Honor for This Gold ETF - ETF Trends,ETF Trends
2025-06-30,GLD: Gold ETF Gains Outpace Bitcoin Funds in 2025 - ETF.com,ETF.com
2025-06-30,Gold ETF Gains Outpace Bitcoin Funds in 2025 - Yahoo Finance,Yahoo Finance
2025-07-01,5 Best ETFs of H1 2025: Defense & Gold Miners Lead - ETF.com,ETF.com
2025-07-01,"Top Gold Miner ETF Trouncing GLD, but Investors Are Selling - ETF.com",ETF.com
2025-07-01,The Best Index Funds - Morningstar,Morningstar
2025-07-02,Gold Rush 2.0: Corporates strike it rich in ETF bonanza - The Economic Times,The Economic Times
2025-07-03,Platinum ETFs: Beyond Gold & Silver - ETF Trends,ETF Trends
2025-07-07,IAU: Understanding The Structure And Suitability Of This Gold ETF (NYSEARCA:IAU) - Seeking Alpha,Seeking Alpha
2025-07-08,"Gold ETF Inflows Turn Positive Again In June, Says World Gold Council - Forbes",Forbes
2025-07-08,"Gold ETFs drew largest inflow in five years during first half of 2025, WGC says - Reuters",Reuters
2025-07-09,Gold ETF Flows: June 2025 - Seeking Alpha,Seeking Alpha
2025-07-11,"18 Bitcoin ETFs and Their Fees, Promotions and Holdings - NerdWallet",NerdWallet
2025-07-14,Top Gold ETFs in July 2025 2024 - Investing.com,Investing.com
2025-07-16,China gold market update: Strong investment in H1 | Post by Ray Jia | Gold Focus blog - World Gold Council,World Gold Council
2025-07-21,"Gold Futures Rise on ETF Demand, U.S. Dollar Weakness - MSN",MSN
2025-07-22,"Zacks Investment Ideas feature highlights: SPDR Gold Shares ETF, Agnico Eagle Mines, Kinross Gold, AngloGold Ashanti and Aris Mining - Yahoo Finance",Yahoo Finance
2025-07-23,Gold ETF has beaten Nifty ETF 7 times in 10 years. How to invest now? - The Economic Times,The Economic Times
2025-07-23,Gold Miners ETF (SGDJ) Hits New 52-Week High - Yahoo Finance,Yahoo Finance
2025-07-23,Why You Should Buy Gold Mining ETFs Now - Nasdaq,Nasdaq
2025-07-23,"Peter Schiff Celebrates Gold ETF Returns, Dunks on Bitcoin - Bitcoin.com News",Bitcoin.com News
2025-07-23,Digging for Gold With ETFs - Morningstar,Morningstar
2025-07-23,4 Best Gold ETFs to Hedge Against Stock Volatility (July 2025) - NerdWallet,NerdWallet
2025-07-23,'Fed Independence' Fears See Gold and Silver ETFs Surge - BullionVault,BullionVault
2025-07-24,Gold and Bitcoin Shining in 2025 as ETFs Drive Diversification - Yahoo Finance,Yahoo Finance
2025-07-24,Physically-backed gold ETF inflows reached $38bn for the first half - Mining Weekly,Mining Weekly
2025-07-24,"SPDR Gold ETF Options Spot-On: On July 24th, 185.99K Contracts Were Traded, With 3.6 Million Open Interest - 富途牛牛",富途牛牛
2025-07-25,"Robert Kiyosaki warns of the risk posed by BTC, gold and silver ETFs - Cointelegraph",Cointelegraph
2025-07-25,ETHA Gains $325M as Ethereum ETF Surges 3.2% in Assets - TradingView,TradingView
2025-07-26,Bitcoin News Today: Robert Kiyosaki Urges Gold Silver Bitcoin as ETF Inflows Rise Amid Market Volatility - AInvest,AInvest
2025-07-26,"Robert Kiyosaki slams ETFs for being ‘paper versions’ of Bitcoin, gold and silver - CryptoSlate",CryptoSlate
2025-07-26,"Bitcoin News Today: BlackRock CEO Endorses Bitcoin as Legitimate Asset, iShares ETF Hits $76B in 350 Days - AInvest",AInvest
2025-07-27,GLD ETF remains range-bound as risk-on mood offsets tariff jitters - Invezz,Invezz
2025-07-27,"Tether Gold rides bullion boom as central banks, ETFs rush to accumulate - Cointelegraph",Cointelegraph
2025-07-27,Best ways to invest in gold that hit record highs in H1 - The New Indian Express,The New Indian Express
