date,DTWEXBGS,CPIAUCSL,FEDFUNDS,GDP,OIL_PRICE
2020-01-01,,259.127,1.55,21727.657,
2020-01-02,114.9746,,,,61.18000030517578
2020-01-03,114.9862,,,,63.04999923706055
2020-01-06,114.9552,,,,63.27000045776367
2020-01-07,115.1467,,,,62.70000076293945
2020-01-08,115.1318,,,,59.61000061035156
2020-01-09,115.2325,,,,59.560001373291016
2020-01-10,115.0671,,,,59.040000915527344
2020-01-13,115.0337,,,,58.08000183105469
2020-01-14,115.0233,,,,58.22999954223633
2020-01-15,114.9526,,,,57.810001373291016
2020-01-16,114.9999,,,,58.52000045776367
2020-01-17,115.0642,,,,58.540000915527344
2020-01-20,,,,,
2020-01-21,115.1865,,,,58.34000015258789
2020-01-22,115.2264,,,,56.7400016784668
2020-01-23,115.5537,,,,55.59000015258789
2020-01-24,115.5545,,,,54.189998626708984
2020-01-27,115.7994,,,,53.13999938964844
2020-01-28,115.7226,,,,53.47999954223633
2020-01-29,115.6986,,,,53.33000183105469
2020-01-30,115.8065,,,,52.13999938964844
2020-01-31,115.7342,,,,51.560001373291016
2020-02-01,,259.25,1.58,,
2020-02-03,116.1176,,,,50.11000061035156
2020-02-04,115.929,,,,49.61000061035156
2020-02-05,116.0082,,,,50.75
2020-02-06,116.1508,,,,50.95000076293945
2020-02-07,116.5075,,,,50.31999969482422
2020-02-10,116.5701,,,,49.56999969482422
2020-02-11,116.3572,,,,49.939998626708984
2020-02-12,116.2777,,,,51.16999816894531
2020-02-13,116.398,,,,51.41999816894531
2020-02-14,116.42,,,,52.04999923706055
2020-02-17,,,,,
2020-02-18,116.6016,,,,52.04999923706055
2020-02-19,116.7802,,,,53.290000915527344
2020-02-20,117.2434,,,,53.779998779296875
2020-02-21,117.0456,,,,53.380001068115234
2020-02-24,117.401,,,,51.43000030517578
2020-02-25,117.2417,,,,49.900001525878906
2020-02-26,117.4048,,,,48.72999954223633
2020-02-27,117.3686,,,,47.09000015258789
2020-02-28,117.6573,,,,44.7599983215332
2020-03-01,,258.076,0.65,,
2020-03-02,116.8148,,,,46.75
2020-03-03,116.4958,,,,47.18000030517578
2020-03-04,116.7799,,,,46.779998779296875
2020-03-05,116.7913,,,,45.900001525878906
2020-03-06,116.7132,,,,41.279998779296875
2020-03-09,117.1927,,,,31.1299991607666
2020-03-10,117.9082,,,,34.36000061035156
2020-03-11,118.2564,,,,32.97999954223633
2020-03-12,120.4945,,,,31.5
2020-03-13,120.4439,,,,31.729999542236328
2020-03-16,120.9417,,,,28.700000762939453
2020-03-17,122.4875,,,,26.950000762939453
2020-03-18,124.1693,,,,20.3700008392334
2020-03-19,125.0662,,,,25.219999313354492
2020-03-20,124.9425,,,,22.43000030517578
2020-03-23,126.1342,,,,23.360000610351562
2020-03-24,125.5092,,,,24.010000228881836
2020-03-25,124.7995,,,,24.489999771118164
2020-03-26,122.4384,,,,22.600000381469727
2020-03-27,122.4097,,,,21.510000228881836
2020-03-30,123.2997,,,,20.09000015258789
2020-03-31,122.5394,,,,20.479999542236328
2020-04-01,123.8033,256.032,0.05,19935.444,20.309999465942383
2020-04-02,123.5994,,,,25.31999969482422
2020-04-03,124.4237,,,,28.34000015258789
2020-04-06,124.1692,,,,26.079999923706055
2020-04-07,123.1038,,,,23.6299991607666
2020-04-08,123.2299,,,,25.09000015258789
2020-04-09,122.4834,,,,22.760000228881836
2020-04-10,122.1668,,,,
2020-04-13,122.5282,,,,22.40999984741211
2020-04-14,122.1204,,,,20.110000610351562
2020-04-15,123.084,,,,19.8700008392334
2020-04-16,123.4698,,,,19.8700008392334
2020-04-17,122.8791,,,,18.270000457763672
2020-04-20,123.1121,,,,-37.630001068115234
2020-04-21,123.9207,,,,10.010000228881836
2020-04-22,123.9354,,,,13.779999732971191
2020-04-23,123.7645,,,,16.5
2020-04-24,124.172,,,,16.940000534057617
2020-04-27,123.8954,,,,12.779999732971191
2020-04-28,123.3794,,,,12.34000015258789
2020-04-29,122.7877,,,,15.0600004196167
2020-04-30,122.3375,,,,18.84000015258789
2020-05-01,123.1615,255.802,0.05,,19.780000686645508
2020-05-04,123.2224,,,,20.389999389648438
2020-05-05,122.8117,,,,24.559999465942383
2020-05-06,123.6188,,,,23.989999771118164
2020-05-07,123.1339,,,,23.549999237060547
2020-05-08,122.5465,,,,24.739999771118164
2020-05-11,123.2423,,,,24.139999389648438
2020-05-12,123.0694,,,,25.780000686645508
2020-05-13,123.5512,,,,25.290000915527344
2020-05-14,123.6524,,,,27.559999465942383
2020-05-15,123.608,,,,29.43000030517578
2020-05-18,122.8055,,,,31.81999969482422
2020-05-19,122.5744,,,,32.5
2020-05-20,122.1093,,,,33.4900016784668
2020-05-21,122.099,,,,33.91999816894531
2020-05-22,122.3278,,,,33.25
2020-05-25,,,,,
2020-05-26,121.3933,,,,34.349998474121094
2020-05-27,121.5741,,,,32.810001373291016
2020-05-28,121.0207,,,,33.709999084472656
2020-05-29,120.953,,,,35.4900016784668
2020-06-01,120.2753,257.042,0.08,,35.439998626708984
2020-06-02,119.692,,,,36.810001373291016
2020-06-03,119.2625,,,,37.290000915527344
2020-06-04,119.3094,,,,37.40999984741211
2020-06-05,118.8202,,,,39.54999923706055
2020-06-08,118.6687,,,,38.189998626708984
2020-06-09,118.5967,,,,38.939998626708984
2020-06-10,118.5307,,,,39.599998474121094
2020-06-11,119.2435,,,,36.34000015258789
2020-06-12,119.6719,,,,36.2599983215332
2020-06-15,119.9622,,,,37.119998931884766
2020-06-16,119.5744,,,,38.380001068115234
2020-06-17,119.918,,,,37.959999084472656
2020-06-18,120.2252,,,,38.84000015258789
2020-06-19,120.226,,,,39.75
2020-06-22,119.7613,,,,40.459999084472656
2020-06-23,119.3372,,,,40.369998931884766
2020-06-24,119.9834,,,,38.0099983215332
2020-06-25,120.3089,,,,38.720001220703125
2020-06-26,120.5425,,,,38.4900016784668
2020-06-29,120.6757,,,,39.70000076293945
2020-06-30,120.4746,,,,39.27000045776367
2020-07-01,120.0902,258.352,0.09,21684.551,39.81999969482422
2020-07-02,119.8648,,,,40.650001525878906
2020-07-03,,,,,
2020-07-06,119.2941,,,,40.630001068115234
2020-07-07,119.5814,,,,40.619998931884766
2020-07-08,119.5625,,,,40.900001525878906
2020-07-09,119.5221,,,,39.619998931884766
2020-07-10,119.3601,,,,40.54999923706055
2020-07-13,119.1984,,,,40.099998474121094
2020-07-14,119.3999,,,,40.290000915527344
2020-07-15,119.0423,,,,41.20000076293945
2020-07-16,118.9368,,,,40.75
2020-07-17,119.134,,,,40.59000015258789
2020-07-20,119.0588,,,,40.810001373291016
2020-07-21,118.4145,,,,41.959999084472656
2020-07-22,118.1446,,,,41.900001525878906
2020-07-23,118.0724,,,,41.06999969482422
2020-07-24,118.1445,,,,41.290000915527344
2020-07-27,117.3982,,,,41.599998474121094
2020-07-28,117.3301,,,,41.040000915527344
2020-07-29,117.2242,,,,41.27000045776367
2020-07-30,117.4133,,,,39.91999816894531
2020-07-31,117.2208,,,,40.27000045776367
2020-08-01,,259.316,0.1,,
2020-08-03,117.8199,,,,41.0099983215332
2020-08-04,117.7962,,,,41.70000076293945
2020-08-05,116.8865,,,,42.189998626708984
2020-08-06,117.055,,,,41.95000076293945
2020-08-07,117.6365,,,,41.220001220703125
2020-08-10,117.5946,,,,41.939998626708984
2020-08-11,117.3902,,,,41.61000061035156
2020-08-12,117.2679,,,,42.66999816894531
2020-08-13,117.1313,,,,42.2400016784668
2020-08-14,116.9512,,,,42.0099983215332
2020-08-17,116.7609,,,,42.88999938964844
2020-08-18,116.5722,,,,42.88999938964844
2020-08-19,116.5789,,,,42.93000030517578
2020-08-20,116.8243,,,,42.58000183105469
2020-08-21,117.0682,,,,42.34000015258789
2020-08-24,116.9238,,,,42.619998931884766
2020-08-25,116.8324,,,,43.349998474121094
2020-08-26,116.6358,,,,43.38999938964844
2020-08-27,116.6614,,,,43.040000915527344
2020-08-28,115.9506,,,,42.970001220703125
2020-08-31,115.7717,,,,42.61000061035156
2020-09-01,115.5814,259.997,0.09,,42.7599983215332
2020-09-02,116.0423,,,,41.5099983215332
2020-09-03,116.0799,,,,41.369998931884766
2020-09-04,116.0457,,,,39.77000045776367
2020-09-07,,,,,
2020-09-08,116.4725,,,,36.7599983215332
2020-09-09,116.1396,,,,38.04999923706055
2020-09-10,115.8906,,,,37.29999923706055
2020-09-11,116.0963,,,,37.33000183105469
2020-09-14,115.6523,,,,37.2599983215332
2020-09-15,115.5996,,,,38.279998779296875
2020-09-16,115.3623,,,,40.15999984741211
2020-09-17,115.4476,,,,40.970001220703125
2020-09-18,115.248,,,,41.11000061035156
2020-09-21,116.3873,,,,39.310001373291016
2020-09-22,116.5529,,,,39.599998474121094
2020-09-23,117.2631,,,,39.93000030517578
2020-09-24,117.5578,,,,40.310001373291016
2020-09-25,117.8786,,,,40.25
2020-09-28,117.629,,,,40.599998474121094
2020-09-29,117.5379,,,,39.290000915527344
2020-09-30,116.957,,,,40.220001220703125
2020-10-01,116.7339,260.319,0.09,22068.767,38.720001220703125
2020-10-02,116.7424,,,,37.04999923706055
2020-10-05,116.187,,,,39.220001220703125
2020-10-06,116.2781,,,,40.66999816894531
2020-10-07,116.3548,,,,39.95000076293945
2020-10-08,116.1753,,,,41.189998626708984
2020-10-09,115.2843,,,,40.599998474121094
2020-10-12,,,,,39.43000030517578
2020-10-13,115.9193,,,,40.20000076293945
2020-10-14,115.6959,,,,41.040000915527344
2020-10-15,116.1046,,,,40.959999084472656
2020-10-16,115.7754,,,,40.880001068115234
2020-10-19,115.4109,,,,40.83000183105469
2020-10-20,115.2558,,,,41.459999084472656
2020-10-21,114.9185,,,,40.029998779296875
2020-10-22,115.1234,,,,40.63999938964844
2020-10-23,115.0198,,,,39.849998474121094
2020-10-26,115.2872,,,,38.560001373291016
2020-10-27,115.0206,,,,39.56999969482422
2020-10-28,115.8099,,,,37.38999938964844
2020-10-29,116.3138,,,,36.16999816894531
2020-10-30,116.1417,,,,35.790000915527344
2020-11-01,,260.911,0.09,,
2020-11-02,116.2425,,,,36.810001373291016
2020-11-03,115.4864,,,,37.65999984741211
2020-11-04,115.1733,,,,39.150001525878906
2020-11-05,114.4615,,,,38.790000915527344
2020-11-06,113.9977,,,,37.13999938964844
2020-11-09,114.0942,,,,40.290000915527344
2020-11-10,114.0802,,,,41.36000061035156
2020-11-11,,,,,41.45000076293945
2020-11-12,114.2889,,,,41.119998931884766
2020-11-13,114.2445,,,,40.130001068115234
2020-11-16,113.8356,,,,41.34000015258789
2020-11-17,113.6864,,,,41.43000030517578
2020-11-18,113.4645,,,,41.81999969482422
2020-11-19,113.6982,,,,41.7400016784668
2020-11-20,113.4932,,,,42.150001525878906
2020-11-23,113.759,,,,43.060001373291016
2020-11-24,113.4361,,,,44.90999984741211
2020-11-25,113.1871,,,,45.709999084472656
2020-11-26,,,,,
2020-11-27,,,,,45.529998779296875
2020-11-30,113.2308,,,,45.34000015258789
2020-12-01,112.8122,262.045,0.09,,44.54999923706055
2020-12-02,112.6174,,,,45.279998779296875
2020-12-03,112.0293,,,,45.63999938964844
2020-12-04,111.7826,,,,46.2599983215332
2020-12-07,111.8431,,,,45.7599983215332
2020-12-08,111.8684,,,,45.599998474121094
2020-12-09,112.0353,,,,45.52000045776367
2020-12-10,111.9839,,,,46.779998779296875
2020-12-11,112.1469,,,,46.56999969482422
2020-12-14,112.177,,,,46.9900016784668
2020-12-15,111.866,,,,47.619998931884766
2020-12-16,111.7215,,,,47.81999969482422
2020-12-17,111.2286,,,,48.36000061035156
2020-12-18,111.6136,,,,49.099998474121094
2020-12-21,111.9477,,,,47.7400016784668
2020-12-22,112.201,,,,47.02000045776367
2020-12-23,111.9873,,,,48.119998931884766
2020-12-24,,,,,48.22999954223633
2020-12-25,,,,,
2020-12-28,111.9821,,,,47.619998931884766
2020-12-29,111.524,,,,48.0
2020-12-30,111.3156,,,,48.400001525878906
2020-12-31,111.324,,,,48.52000045776367
2021-01-01,,262.639,0.09,22656.793,
2021-01-04,111.2143,,,,47.619998931884766
2021-01-05,110.9649,,,,49.93000030517578
2021-01-06,110.8573,,,,50.630001068115234
2021-01-07,111.3124,,,,50.83000183105469
2021-01-08,111.293,,,,52.2400016784668
2021-01-11,111.8342,,,,52.25
2021-01-12,111.5584,,,,53.209999084472656
2021-01-13,111.3702,,,,52.90999984741211
2021-01-14,111.1639,,,,53.56999969482422
2021-01-15,111.5168,,,,52.36000061035156
2021-01-18,,,,,
2021-01-19,111.4591,,,,52.97999954223633
2021-01-20,,,,,53.2400016784668
2021-01-21,111.2044,,,,53.130001068115234
2021-01-22,111.5602,,,,52.27000045776367
2021-01-25,111.8767,,,,52.77000045776367
2021-01-26,111.6661,,,,52.61000061035156
2021-01-27,112.0876,,,,52.849998474121094
2021-01-28,112.015,,,,52.34000015258789
2021-01-29,111.9604,,,,52.20000076293945
2021-02-01,112.4282,263.573,0.08,,53.54999923706055
2021-02-02,112.2937,,,,54.7599983215332
2021-02-03,112.2648,,,,55.689998626708984
2021-02-04,112.756,,,,56.22999954223633
2021-02-05,112.2463,,,,56.849998474121094
2021-02-08,112.0512,,,,57.970001220703125
2021-02-09,111.7768,,,,58.36000061035156
2021-02-10,111.5929,,,,58.68000030517578
2021-02-11,111.5364,,,,58.2400016784668
2021-02-12,111.4981,,,,59.470001220703125
2021-02-15,,,,,
2021-02-16,111.7984,,,,60.04999923706055
2021-02-17,112.03,,,,61.13999938964844
2021-02-18,112.1718,,,,60.52000045776367
2021-02-19,111.7179,,,,59.2400016784668
2021-02-22,111.9316,,,,61.4900016784668
2021-02-23,111.911,,,,61.66999816894531
2021-02-24,111.7339,,,,63.220001220703125
2021-02-25,111.9402,,,,63.529998779296875
2021-02-26,112.8433,,,,61.5
2021-03-01,112.538,264.847,0.07,,60.63999938964844
2021-03-02,112.5472,,,,59.75
2021-03-03,112.7761,,,,61.279998779296875
2021-03-04,112.717,,,,63.83000183105469
2021-03-05,113.7626,,,,66.08999633789062
2021-03-08,114.2824,,,,65.05000305175781
2021-03-09,113.9431,,,,64.01000213623047
2021-03-10,113.6015,,,,64.44000244140625
2021-03-11,112.9345,,,,66.0199966430664
2021-03-12,113.0403,,,,65.61000061035156
2021-03-15,113.2065,,,,65.38999938964844
2021-03-16,112.997,,,,64.80000305175781
2021-03-17,113.1726,,,,64.5999984741211
2021-03-18,112.7872,,,,60.0
2021-03-19,112.9877,,,,61.41999816894531
2021-03-22,113.0154,,,,61.54999923706055
2021-03-23,113.3038,,,,57.7599983215332
2021-03-24,113.669,,,,61.18000030517578
2021-03-25,114.014,,,,58.560001373291016
2021-03-26,113.7532,,,,60.970001220703125
2021-03-29,113.9447,,,,61.560001373291016
2021-03-30,114.2152,,,,60.54999923706055
2021-03-31,113.8351,,,,59.15999984741211
2021-04-01,113.7504,266.625,0.07,23368.861,61.45000076293945
2021-04-02,113.7429,,,,
2021-04-05,113.406,,,,58.650001525878906
2021-04-06,113.1575,,,,59.33000183105469
2021-04-07,113.254,,,,59.77000045776367
2021-04-08,113.1015,,,,59.599998474121094
2021-04-09,113.2132,,,,59.31999969482422
2021-04-12,113.1916,,,,59.70000076293945
2021-04-13,113.0489,,,,60.18000030517578
2021-04-14,112.7951,,,,63.150001525878906
2021-04-15,112.6274,,,,63.459999084472656
2021-04-16,112.4913,,,,63.130001068115234
2021-04-19,112.1929,,,,63.380001068115234
2021-04-20,112.2444,,,,62.439998626708984
2021-04-21,112.1862,,,,61.349998474121094
2021-04-22,112.2385,,,,61.43000030517578
2021-04-23,112.0981,,,,62.13999938964844
2021-04-26,111.8207,,,,61.90999984741211
2021-04-27,111.9203,,,,62.939998626708984
2021-04-28,111.8015,,,,63.86000061035156
2021-04-29,111.7583,,,,65.01000213623047
2021-04-30,112.0959,,,,63.58000183105469
2021-05-01,,268.404,0.06,,
2021-05-03,112.0176,,,,64.48999786376953
2021-05-04,112.3021,,,,65.69000244140625
2021-05-05,112.1639,,,,65.62999725341797
2021-05-06,111.8525,,,,64.70999908447266
2021-05-07,111.0372,,,,64.9000015258789
2021-05-10,110.803,,,,64.91999816894531
2021-05-11,110.904,,,,65.27999877929688
2021-05-12,111.5762,,,,66.08000183105469
2021-05-13,111.6079,,,,63.81999969482422
2021-05-14,111.1476,,,,65.37000274658203
2021-05-17,111.0913,,,,66.2699966430664
2021-05-18,110.8446,,,,65.48999786376953
2021-05-19,110.8933,,,,63.36000061035156
2021-05-20,110.8741,,,,62.04999923706055
2021-05-21,111.0714,,,,63.58000183105469
2021-05-24,110.9254,,,,66.05000305175781
2021-05-25,110.8557,,,,66.06999969482422
2021-05-26,110.8814,,,,66.20999908447266
2021-05-27,110.8829,,,,66.8499984741211
2021-05-28,110.7711,,,,66.31999969482422
2021-05-31,,,,,
2021-06-01,110.5179,270.71,0.08,,67.72000122070312
2021-06-02,110.5924,,,,68.83000183105469
2021-06-03,111.1905,,,,68.80999755859375
2021-06-04,110.7645,,,,69.62000274658203
2021-06-07,110.5275,,,,69.2300033569336
2021-06-08,110.6608,,,,70.05000305175781
2021-06-09,110.582,,,,69.95999908447266
2021-06-10,110.557,,,,70.29000091552734
2021-06-11,111.1052,,,,70.91000366210938
2021-06-14,110.9779,,,,70.87999725341797
2021-06-15,111.3634,,,,72.12000274658203
2021-06-16,111.1287,,,,72.1500015258789
2021-06-17,112.5881,,,,71.04000091552734
2021-06-18,113.0517,,,,71.63999938964844
2021-06-21,112.8506,,,,73.66000366210938
2021-06-22,112.929,,,,73.05999755859375
2021-06-23,112.3931,,,,73.08000183105469
2021-06-24,112.3357,,,,73.30000305175781
2021-06-25,111.9742,,,,74.05000305175781
2021-06-28,112.033,,,,72.91000366210938
2021-06-29,112.2692,,,,72.9800033569336
2021-06-30,112.5613,,,,73.47000122070312
2021-07-01,112.7484,271.965,0.1,23921.991,75.2300033569336
2021-07-02,112.5507,,,,75.16000366210938
2021-07-05,,,,,
2021-07-06,112.9602,,,,73.37000274658203
2021-07-07,113.1136,,,,72.19999694824219
2021-07-08,113.0863,,,,72.94000244140625
2021-07-09,112.8468,,,,74.55999755859375
2021-07-12,112.7701,,,,74.0999984741211
2021-07-13,113.0153,,,,75.25
2021-07-14,112.8885,,,,73.12999725341797
2021-07-15,113.0122,,,,71.6500015258789
2021-07-16,113.0504,,,,71.80999755859375
2021-07-19,113.5547,,,,66.41999816894531
2021-07-20,113.7582,,,,67.41999816894531
2021-07-21,113.4018,,,,70.30000305175781
2021-07-22,113.4788,,,,71.91000366210938
2021-07-23,113.4486,,,,72.06999969482422
2021-07-26,113.2335,,,,71.91000366210938
2021-07-27,113.2321,,,,71.6500015258789
2021-07-28,113.1899,,,,72.38999938964844
2021-07-29,112.4927,,,,73.62000274658203
2021-07-30,112.6808,,,,73.94999694824219
2021-08-01,,272.752,0.09,,
2021-08-02,112.6784,,,,71.26000213623047
2021-08-03,112.8331,,,,70.55999755859375
2021-08-04,112.906,,,,68.1500015258789
2021-08-05,112.778,,,,69.08999633789062
2021-08-06,113.3192,,,,68.27999877929688
2021-08-09,113.4625,,,,66.4800033569336
2021-08-10,113.5072,,,,68.29000091552734
2021-08-11,113.2917,,,,69.25
2021-08-12,113.278,,,,69.08999633789062
2021-08-13,113.0708,,,,68.44000244140625
2021-08-16,113.179,,,,67.29000091552734
2021-08-17,113.6263,,,,66.58999633789062
2021-08-18,113.705,,,,65.45999908447266
2021-08-19,114.1195,,,,63.689998626708984
2021-08-20,114.5108,,,,62.31999969482422
2021-08-23,113.9526,,,,65.63999938964844
2021-08-24,113.6899,,,,67.54000091552734
2021-08-25,113.6424,,,,68.36000061035156
2021-08-26,113.7986,,,,67.41999816894531
2021-08-27,113.3511,,,,68.73999786376953
2021-08-30,113.256,,,,69.20999908447266
2021-08-31,113.1175,,,,68.5
2021-09-01,112.8832,273.942,0.08,,68.58999633789062
2021-09-02,112.7966,,,,69.98999786376953
2021-09-03,112.558,,,,69.29000091552734
2021-09-06,,,,,
2021-09-07,112.9892,,,,68.3499984741211
2021-09-08,113.2414,,,,69.30000305175781
2021-09-09,113.053,,,,68.13999938964844
2021-09-10,112.9519,,,,69.72000122070312
2021-09-13,113.0432,,,,70.44999694824219
2021-09-14,113.0151,,,,70.45999908447266
2021-09-15,112.9862,,,,72.61000061035156
2021-09-16,113.3122,,,,72.61000061035156
2021-09-17,113.6074,,,,71.97000122070312
2021-09-20,113.9511,,,,70.29000091552734
2021-09-21,113.8266,,,,70.55999755859375
2021-09-22,113.631,,,,72.2300033569336
2021-09-23,113.5224,,,,73.30000305175781
2021-09-24,113.7694,,,,73.9800033569336
2021-09-27,113.7532,,,,75.44999694824219
2021-09-28,114.2571,,,,75.29000091552734
2021-09-29,114.7191,,,,74.83000183105469
2021-09-30,114.6504,,,,75.02999877929688
2021-10-01,114.3899,276.528,0.08,24777.038,75.87999725341797
2021-10-04,114.2847,,,,77.62000274658203
2021-10-05,114.3767,,,,78.93000030517578
2021-10-06,114.7292,,,,77.43000030517578
2021-10-07,114.5156,,,,78.30000305175781
2021-10-08,114.6108,,,,79.3499984741211
2021-10-11,,,,,80.5199966430664
2021-10-12,114.7667,,,,80.63999938964844
2021-10-13,114.4827,,,,80.44000244140625
2021-10-14,114.2181,,,,81.30999755859375
2021-10-15,114.1033,,,,82.27999877929688
2021-10-18,114.0022,,,,82.44000244140625
2021-10-19,113.6595,,,,82.95999908447266
2021-10-20,113.521,,,,83.87000274658203
2021-10-21,113.6322,,,,82.5
2021-10-22,113.6828,,,,83.76000213623047
2021-10-25,113.6172,,,,83.76000213623047
2021-10-26,113.6863,,,,84.6500015258789
2021-10-27,113.6342,,,,82.66000366210938
2021-10-28,113.453,,,,82.80999755859375
2021-10-29,114.149,,,,83.56999969482422
2021-11-01,114.2231,278.824,0.08,,84.05000305175781
2021-11-02,114.2997,,,,83.91000366210938
2021-11-03,114.3754,,,,80.86000061035156
2021-11-04,114.37,,,,78.80999755859375
2021-11-05,114.0865,,,,81.2699966430664
2021-11-08,113.8391,,,,81.93000030517578
2021-11-09,113.7746,,,,84.1500015258789
2021-11-10,114.1611,,,,81.33999633789062
2021-11-11,,,,,81.58999633789062
2021-11-12,114.5263,,,,80.79000091552734
2021-11-15,114.6003,,,,80.87999725341797
2021-11-16,115.149,,,,80.76000213623047
2021-11-17,115.039,,,,78.36000061035156
2021-11-18,115.0811,,,,79.01000213623047
2021-11-19,115.2318,,,,76.0999984741211
2021-11-22,115.6615,,,,76.75
2021-11-23,116.026,,,,78.5
2021-11-24,116.2855,,,,78.38999938964844
2021-11-25,,,,,
2021-11-26,116.5259,,,,68.1500015258789
2021-11-29,116.596,,,,69.94999694824219
2021-11-30,116.2206,,,,66.18000030517578
2021-12-01,115.9026,280.806,0.08,,65.56999969482422
2021-12-02,116.0313,,,,66.5
2021-12-03,116.2511,,,,66.26000213623047
2021-12-06,116.1663,,,,69.48999786376953
2021-12-07,115.8676,,,,72.05000305175781
2021-12-08,115.4541,,,,72.36000061035156
2021-12-09,115.7904,,,,70.94000244140625
2021-12-10,115.5852,,,,71.66999816894531
2021-12-13,115.8538,,,,71.29000091552734
2021-12-14,116.252,,,,70.7300033569336
2021-12-15,116.4342,,,,70.87000274658203
2021-12-16,115.7267,,,,72.37999725341797
2021-12-17,115.8022,,,,70.86000061035156
2021-12-20,116.0206,,,,68.2300033569336
2021-12-21,116.1208,,,,71.12000274658203
2021-12-22,115.7612,,,,72.76000213623047
2021-12-23,115.5469,,,,73.79000091552734
2021-12-24,,,,,
2021-12-27,115.4821,,,,75.56999969482422
2021-12-28,115.4327,,,,75.9800033569336
2021-12-29,115.3819,,,,76.55999755859375
2021-12-30,115.2969,,,,76.98999786376953
2021-12-31,,,,,75.20999908447266
2022-01-01,,282.542,0.08,25215.491,
2022-01-03,115.4243,,,,76.08000183105469
2022-01-04,115.3263,,,,76.98999786376953
2022-01-05,115.1524,,,,77.8499984741211
2022-01-06,115.4189,,,,79.45999908447266
2022-01-07,115.0596,,,,78.9000015258789
2022-01-10,115.235,,,,78.2300033569336
2022-01-11,114.8467,,,,81.22000122070312
2022-01-12,114.3713,,,,82.63999938964844
2022-01-13,114.1934,,,,82.12000274658203
2022-01-14,114.3968,,,,83.81999969482422
2022-01-17,,,,,
2022-01-18,114.7513,,,,85.43000030517578
2022-01-19,114.6254,,,,86.95999908447266
2022-01-20,114.4779,,,,86.9000015258789
2022-01-21,114.6261,,,,85.13999938964844
2022-01-24,115.2165,,,,83.30999755859375
2022-01-25,115.1779,,,,85.5999984741211
2022-01-26,115.1044,,,,87.3499984741211
2022-01-27,115.9874,,,,86.61000061035156
2022-01-28,116.049,,,,86.81999969482422
2022-01-31,115.5742,,,,88.1500015258789
2022-02-01,115.3775,284.525,0.08,,88.19999694824219
2022-02-02,115.1643,,,,88.26000213623047
2022-02-03,114.9175,,,,90.2699966430664
2022-02-04,115.1473,,,,92.30999755859375
2022-02-07,115.0209,,,,91.31999969482422
2022-02-08,115.0999,,,,89.36000061035156
2022-02-09,114.8329,,,,89.66000366210938
2022-02-10,114.5618,,,,89.87999725341797
2022-02-11,114.8489,,,,93.0999984741211
2022-02-14,115.2008,,,,95.45999908447266
2022-02-15,114.9357,,,,92.06999969482422
2022-02-16,114.6954,,,,93.66000366210938
2022-02-17,114.682,,,,91.76000213623047
2022-02-18,114.8036,,,,91.06999969482422
2022-02-21,,,,,
2022-02-22,114.7054,,,,92.3499984741211
2022-02-23,114.6718,,,,92.0999984741211
2022-02-24,115.9478,,,,92.80999755859375
2022-02-25,115.2633,,,,91.58999633789062
2022-02-28,115.2317,,,,95.72000122070312
2022-03-01,115.8062,287.467,0.2,,103.41000366210938
2022-03-02,115.7727,,,,110.5999984741211
2022-03-03,115.9592,,,,107.66999816894531
2022-03-04,116.661,,,,115.68000030517578
2022-03-07,117.3406,,,,119.4000015258789
2022-03-08,117.6281,,,,123.69999694824219
2022-03-09,116.6057,,,,108.69999694824219
2022-03-10,116.75,,,,106.0199966430664
2022-03-11,117.0294,,,,109.33000183105469
2022-03-14,117.1594,,,,103.01000213623047
2022-03-15,117.2533,,,,96.44000244140625
2022-03-16,116.8135,,,,95.04000091552734
2022-03-17,116.0544,,,,102.9800033569336
2022-03-18,116.1447,,,,104.69999694824219
2022-03-21,115.9467,,,,112.12000274658203
2022-03-22,116.0888,,,,111.76000213623047
2022-03-23,116.0101,,,,114.93000030517578
2022-03-24,115.9651,,,,112.33999633789062
2022-03-25,115.7953,,,,113.9000015258789
2022-03-28,116.1953,,,,105.95999908447266
2022-03-29,115.572,,,,104.23999786376953
2022-03-30,115.0857,,,,107.81999969482422
2022-03-31,115.2254,,,,100.27999877929688
2022-04-01,115.4835,288.582,0.33,25805.791,99.2699966430664
2022-04-04,115.4121,,,,103.27999877929688
2022-04-05,115.7328,,,,101.95999908447266
2022-04-06,116.002,,,,96.2300033569336
2022-04-07,116.3541,,,,96.02999877929688
2022-04-08,116.42,,,,98.26000213623047
2022-04-11,116.5423,,,,94.29000091552734
2022-04-12,116.387,,,,100.5999984741211
2022-04-13,116.2793,,,,104.25
2022-04-14,116.7552,,,,106.94999694824219
2022-04-15,116.7011,,,,
2022-04-18,116.8427,,,,108.20999908447266
2022-04-19,117.1322,,,,102.55999755859375
2022-04-20,116.7325,,,,102.75
2022-04-21,117.1454,,,,103.79000091552734
2022-04-22,118.0205,,,,102.06999969482422
2022-04-25,118.6298,,,,98.54000091552734
2022-04-26,118.9658,,,,101.69999694824219
2022-04-27,119.472,,,,102.0199966430664
2022-04-28,120.0703,,,,105.36000061035156
2022-04-29,119.4936,,,,104.69000244140625
2022-05-01,,291.299,0.77,,
2022-05-02,119.8827,,,,105.16999816894531
2022-05-03,119.7037,,,,102.41000366210938
2022-05-04,119.5567,,,,107.80999755859375
2022-05-05,120.0043,,,,108.26000213623047
2022-05-06,119.8544,,,,109.7699966430664
2022-05-09,120.4949,,,,103.08999633789062
2022-05-10,120.7716,,,,99.76000213623047
2022-05-11,120.3896,,,,105.70999908447266
2022-05-12,121.273,,,,106.12999725341797
2022-05-13,120.8379,,,,110.48999786376953
2022-05-16,120.6812,,,,114.19999694824219
2022-05-17,119.8816,,,,112.4000015258789
2022-05-18,120.022,,,,109.58999633789062
2022-05-19,119.4244,,,,112.20999908447266
2022-05-20,119.3617,,,,113.2300033569336
2022-05-23,118.712,,,,110.29000091552734
2022-05-24,118.6208,,,,109.7699966430664
2022-05-25,118.9561,,,,110.33000183105469
2022-05-26,118.7671,,,,114.08999633789062
2022-05-27,118.2796,,,,115.06999969482422
2022-05-30,,,,,
2022-05-31,118.0689,,,,114.66999816894531
2022-06-01,118.6936,295.072,1.21,,115.26000213623047
2022-06-02,118.0642,,,,116.87000274658203
2022-06-03,118.2138,,,,118.87000274658203
2022-06-06,118.3053,,,,118.5
2022-06-07,118.4401,,,,119.41000366210938
2022-06-08,118.3944,,,,122.11000061035156
2022-06-09,118.9193,,,,121.51000213623047
2022-06-10,119.9942,,,,120.66999816894531
2022-06-13,121.1517,,,,120.93000030517578
2022-06-14,121.6668,,,,118.93000030517578
2022-06-15,121.6382,,,,115.30999755859375
2022-06-16,120.6755,,,,117.58999633789062
2022-06-17,121.2389,,,,109.55999755859375
2022-06-20,,,,,
2022-06-21,120.646,,,,110.6500015258789
2022-06-22,120.5232,,,,106.19000244140625
2022-06-23,120.7646,,,,104.2699966430664
2022-06-24,120.4897,,,,107.62000274658203
2022-06-27,120.1789,,,,109.56999969482422
2022-06-28,120.6254,,,,111.76000213623047
2022-06-29,120.9689,,,,109.77999877929688
2022-06-30,120.9718,,,,105.76000213623047
2022-07-01,121.5123,294.94,1.68,26272.011,108.43000030517578
2022-07-04,,,,,
2022-07-05,122.6276,,,,99.5
2022-07-06,123.0165,,,,98.52999877929688
2022-07-07,122.7336,,,,102.7300033569336
2022-07-08,122.4724,,,,104.79000091552734
2022-07-11,123.3062,,,,104.08999633789062
2022-07-12,123.4612,,,,95.83999633789062
2022-07-13,123.293,,,,96.30000305175781
2022-07-14,124.0717,,,,95.77999877929688
2022-07-15,123.4842,,,,97.58999633789062
2022-07-18,122.78,,,,102.5999984741211
2022-07-19,122.4922,,,,104.22000122070312
2022-07-20,122.6096,,,,102.26000213623047
2022-07-21,122.9169,,,,96.3499984741211
2022-07-22,122.4643,,,,94.69999694824219
2022-07-25,122.4721,,,,96.69999694824219
2022-07-26,122.7698,,,,94.9800033569336
2022-07-27,122.8281,,,,97.26000213623047
2022-07-28,122.1267,,,,96.41999816894531
2022-07-29,121.7793,,,,98.62000274658203
2022-08-01,121.4218,295.162,2.33,,93.88999938964844
2022-08-02,121.9609,,,,94.41999816894531
2022-08-03,122.4002,,,,90.66000366210938
2022-08-04,121.8436,,,,88.54000091552734
2022-08-05,122.33,,,,89.01000213623047
2022-08-08,121.8887,,,,90.76000213623047
2022-08-09,121.8719,,,,90.5
2022-08-10,120.7648,,,,91.93000030517578
2022-08-11,120.7281,,,,94.33999633789062
2022-08-12,121.0272,,,,92.08999633789062
2022-08-15,121.4382,,,,89.41000366210938
2022-08-16,121.6889,,,,86.52999877929688
2022-08-17,122.0802,,,,88.11000061035156
2022-08-18,122.3722,,,,90.5
2022-08-19,123.0596,,,,90.7699966430664
2022-08-22,123.6123,,,,90.2300033569336
2022-08-23,123.0617,,,,93.73999786376953
2022-08-24,123.1136,,,,94.88999938964844
2022-08-25,123.0645,,,,92.5199966430664
2022-08-26,123.0709,,,,93.05999755859375
2022-08-29,123.4739,,,,97.01000213623047
2022-08-30,123.6893,,,,91.63999938964844
2022-08-31,123.5407,,,,89.55000305175781
2022-09-01,124.4045,296.421,2.56,,86.61000061035156
2022-09-02,123.7771,,,,86.87000274658203
2022-09-05,,,,,
2022-09-06,124.7719,,,,86.87999725341797
2022-09-07,124.8457,,,,81.94000244140625
2022-09-08,124.584,,,,83.54000091552734
2022-09-09,123.7954,,,,86.79000091552734
2022-09-12,123.3441,,,,87.77999877929688
2022-09-13,124.4342,,,,87.30999755859375
2022-09-14,124.4593,,,,88.4800033569336
2022-09-15,124.8944,,,,85.0999984741211
2022-09-16,124.8879,,,,85.11000061035156
2022-09-19,125.0177,,,,85.7300033569336
2022-09-20,125.1324,,,,84.44999694824219
2022-09-21,125.7464,,,,82.94000244140625
2022-09-22,126.1668,,,,83.48999786376953
2022-09-23,127.2867,,,,78.73999786376953
2022-09-26,128.4544,,,,76.70999908447266
2022-09-27,128.4399,,,,78.5
2022-09-28,128.0937,,,,82.1500015258789
2022-09-29,127.5463,,,,81.2300033569336
2022-09-30,127.5159,,,,79.48999786376953
2022-10-01,,297.979,3.08,26734.277,
2022-10-03,127.0793,,,,83.62999725341797
2022-10-04,126.184,,,,86.5199966430664
2022-10-05,126.863,,,,87.76000213623047
2022-10-06,127.2481,,,,88.44999694824219
2022-10-07,127.3093,,,,92.63999938964844
2022-10-10,,,,,91.12999725341797
2022-10-11,127.6614,,,,89.3499984741211
2022-10-12,128.1456,,,,87.2699966430664
2022-10-13,127.7276,,,,89.11000061035156
2022-10-14,128.3303,,,,85.61000061035156
2022-10-17,127.6478,,,,85.45999908447266
2022-10-18,127.9184,,,,82.81999969482422
2022-10-19,128.3992,,,,85.55000305175781
2022-10-20,128.0084,,,,85.9800033569336
2022-10-21,127.6758,,,,85.05000305175781
2022-10-24,128.0351,,,,84.58000183105469
2022-10-25,127.384,,,,85.31999969482422
2022-10-26,126.481,,,,87.91000366210938
2022-10-27,126.7102,,,,89.08000183105469
2022-10-28,127.2196,,,,87.9000015258789
2022-10-31,127.6272,,,,86.52999877929688
2022-11-01,127.4011,298.708,3.78,,88.37000274658203
2022-11-02,127.3138,,,,90.0
2022-11-03,128.1712,,,,88.16999816894531
2022-11-04,127.149,,,,92.61000061035156
2022-11-07,126.3098,,,,91.79000091552734
2022-11-08,125.64,,,,88.91000366210938
2022-11-09,125.9926,,,,85.83000183105469
2022-11-10,124.7142,,,,86.47000122070312
2022-11-11,,,,,88.95999908447266
2022-11-14,123.4425,,,,85.87000274658203
2022-11-15,123.0534,,,,86.91999816894531
2022-11-16,123.2964,,,,85.58999633789062
2022-11-17,123.9929,,,,81.63999938964844
2022-11-18,123.8678,,,,80.08000183105469
2022-11-21,124.7143,,,,79.7300033569336
2022-11-22,124.251,,,,80.94999694824219
2022-11-23,123.7739,,,,77.94000244140625
2022-11-24,,,,,
2022-11-25,123.3547,,,,76.27999877929688
2022-11-28,123.6181,,,,77.23999786376953
2022-11-29,123.6703,,,,78.19999694824219
2022-11-30,123.5276,,,,80.55000305175781
2022-12-01,122.0147,298.808,4.1,,81.22000122070312
2022-12-02,122.0218,,,,79.9800033569336
2022-12-05,122.6511,,,,76.93000030517578
2022-12-06,123.0319,,,,74.25
2022-12-07,122.7716,,,,72.01000213623047
2022-12-08,122.4275,,,,71.45999908447266
2022-12-09,122.4343,,,,71.0199966430664
2022-12-12,122.7861,,,,73.16999816894531
2022-12-13,121.8644,,,,75.38999938964844
2022-12-14,121.8391,,,,77.27999877929688
2022-12-15,122.5684,,,,76.11000061035156
2022-12-16,122.6647,,,,74.29000091552734
2022-12-19,122.5438,,,,75.19000244140625
2022-12-20,122.1502,,,,76.08999633789062
2022-12-21,122.2965,,,,78.29000091552734
2022-12-22,122.2525,,,,77.48999786376953
2022-12-23,121.9843,,,,79.55999755859375
2022-12-26,,,,,
2022-12-27,121.767,,,,79.52999877929688
2022-12-28,122.02,,,,78.95999908447266
2022-12-29,121.6713,,,,78.4000015258789
2022-12-30,121.4392,,,,80.26000213623047
2023-01-01,,300.456,4.33,27164.359,
2023-01-02,,,,,
2023-01-03,122.0844,,,,76.93000030517578
2023-01-04,121.5108,,,,72.83999633789062
2023-01-05,122.0786,,,,73.66999816894531
2023-01-06,121.0814,,,,73.7699966430664
2023-01-09,120.1403,,,,74.62999725341797
2023-01-10,120.234,,,,75.12000274658203
2023-01-11,120.1445,,,,77.41000366210938
2023-01-12,119.4108,,,,78.38999938964844
2023-01-13,119.1422,,,,79.86000061035156
2023-01-16,,,,,
2023-01-17,119.2186,,,,80.18000030517578
2023-01-18,119.08,,,,79.4800033569336
2023-01-19,119.6033,,,,80.33000183105469
2023-01-20,119.3588,,,,81.30999755859375
2023-01-23,119.1671,,,,81.62000274658203
2023-01-24,119.1174,,,,80.12999725341797
2023-01-25,118.995,,,,80.1500015258789
2023-01-26,119.0472,,,,81.01000213623047
2023-01-27,118.9521,,,,79.68000030517578
2023-01-30,118.9079,,,,77.9000015258789
2023-01-31,118.991,,,,78.87000274658203
2023-02-01,118.6396,301.476,4.57,,76.41000366210938
2023-02-02,118.349,,,,75.87999725341797
2023-02-03,119.5014,,,,73.38999938964844
2023-02-06,120.5116,,,,74.11000061035156
2023-02-07,120.3298,,,,77.13999938964844
2023-02-08,120.139,,,,78.47000122070312
2023-02-09,119.9785,,,,78.05999755859375
2023-02-10,120.1531,,,,79.72000122070312
2023-02-13,120.0145,,,,80.13999938964844
2023-02-14,119.9601,,,,79.05999755859375
2023-02-15,120.4926,,,,78.58999633789062
2023-02-16,120.5069,,,,78.48999786376953
2023-02-17,120.6023,,,,76.33999633789062
2023-02-20,,,,,
2023-02-21,120.678,,,,76.16000366210938
2023-02-22,120.8969,,,,73.94999694824219
2023-02-23,121.141,,,,75.38999938964844
2023-02-24,121.6297,,,,76.31999969482422
2023-02-27,121.4656,,,,75.68000030517578
2023-02-28,121.4062,,,,77.05000305175781
2023-03-01,120.6971,301.643,4.65,,77.69000244140625
2023-03-02,121.1949,,,,78.16000366210938
2023-03-03,120.8468,,,,79.68000030517578
2023-03-06,120.5776,,,,80.45999908447266
2023-03-07,121.531,,,,77.58000183105469
2023-03-08,121.5222,,,,76.66000366210938
2023-03-09,121.5225,,,,75.72000122070312
2023-03-10,121.2963,,,,76.68000030517578
2023-03-13,120.9157,,,,74.80000305175781
2023-03-14,121.052,,,,71.33000183105469
2023-03-15,122.1149,,,,67.61000061035156
2023-03-16,121.751,,,,68.3499984741211
2023-03-17,121.5923,,,,66.73999786376953
2023-03-20,121.0637,,,,67.63999938964844
2023-03-21,120.9535,,,,69.33000183105469
2023-03-22,120.6883,,,,70.9000015258789
2023-03-23,119.8174,,,,69.95999908447266
2023-03-24,120.5106,,,,69.26000213623047
2023-03-27,120.3239,,,,72.80999755859375
2023-03-28,119.7987,,,,73.19999694824219
2023-03-29,119.8223,,,,72.97000122070312
2023-03-30,119.5103,,,,74.37000274658203
2023-03-31,119.4611,,,,75.66999816894531
2023-04-01,,302.858,4.83,27453.815,
2023-04-03,119.4342,,,,80.41999816894531
2023-04-04,119.2641,,,,80.70999908447266
2023-04-05,119.4068,,,,80.61000061035156
2023-04-06,119.4229,,,,80.69999694824219
2023-04-07,119.4673,,,,
2023-04-10,119.8962,,,,79.73999786376953
2023-04-11,119.6409,,,,81.52999877929688
2023-04-12,119.1341,,,,83.26000213623047
2023-04-13,118.5376,,,,82.16000366210938
2023-04-14,118.983,,,,82.5199966430664
2023-04-17,119.3981,,,,80.83000183105469
2023-04-18,119.2345,,,,80.86000061035156
2023-04-19,119.4377,,,,79.16000366210938
2023-04-20,119.2525,,,,77.29000091552734
2023-04-21,119.4472,,,,77.87000274658203
2023-04-24,119.3486,,,,78.76000213623047
2023-04-25,119.7551,,,,77.06999969482422
2023-04-26,119.4758,,,,74.30000305175781
2023-04-27,119.5754,,,,74.76000213623047
2023-04-28,119.376,,,,76.77999877929688
2023-05-01,119.5845,303.316,5.06,,75.66000366210938
2023-05-02,119.7514,,,,71.66000366210938
2023-05-03,119.2773,,,,68.5999984741211
2023-05-04,119.19,,,,68.55999755859375
2023-05-05,118.7184,,,,71.33999633789062
2023-05-08,118.7415,,,,73.16000366210938
2023-05-09,118.984,,,,73.70999908447266
2023-05-10,118.7561,,,,72.55999755859375
2023-05-11,119.1902,,,,70.87000274658203
2023-05-12,119.5206,,,,70.04000091552734
2023-05-15,119.3288,,,,71.11000061035156
2023-05-16,119.3567,,,,70.86000061035156
2023-05-17,119.7849,,,,72.83000183105469
2023-05-18,120.2642,,,,71.86000061035156
2023-05-19,119.9479,,,,71.55000305175781
2023-05-22,120.2609,,,,71.98999786376953
2023-05-23,120.4913,,,,72.91000366210938
2023-05-24,120.6481,,,,74.33999633789062
2023-05-25,121.0126,,,,71.83000183105469
2023-05-26,120.8022,,,,72.66999816894531
2023-05-29,,,,,
2023-05-30,120.7387,,,,69.45999908447266
2023-05-31,121.1527,,,,68.08999633789062
2023-06-01,120.2628,304.099,5.08,,70.0999984741211
2023-06-02,120.2102,,,,71.73999786376953
2023-06-05,120.2175,,,,72.1500015258789
2023-06-06,120.1906,,,,71.73999786376953
2023-06-07,120.0893,,,,72.52999877929688
2023-06-08,119.8069,,,,71.29000091552734
2023-06-09,119.6781,,,,70.16999816894531
2023-06-12,119.889,,,,67.12000274658203
2023-06-13,119.4641,,,,69.41999816894531
2023-06-14,119.0646,,,,68.2699966430664
2023-06-15,118.8447,,,,70.62000274658203
2023-06-16,118.7168,,,,71.77999877929688
2023-06-19,,,,,
2023-06-20,119.2458,,,,70.5
2023-06-21,119.0438,,,,72.52999877929688
2023-06-22,119.074,,,,69.51000213623047
2023-06-23,119.4584,,,,69.16000366210938
2023-06-26,119.4123,,,,69.37000274658203
2023-06-27,119.235,,,,67.69999694824219
2023-06-28,119.6759,,,,69.55999755859375
2023-06-29,119.8659,,,,69.86000061035156
2023-06-30,119.7118,,,,70.63999938964844
2023-07-01,,304.615,5.12,27967.697,
2023-07-03,119.5618,,,,69.79000091552734
2023-07-04,,,,,
2023-07-05,119.6971,,,,71.79000091552734
2023-07-06,120.1579,,,,71.80000305175781
2023-07-07,119.4293,,,,73.86000061035156
2023-07-10,119.3179,,,,72.98999786376953
2023-07-11,119.0891,,,,74.83000183105469
2023-07-12,118.0104,,,,75.75
2023-07-13,117.5569,,,,76.88999938964844
2023-07-14,117.4209,,,,75.41999816894531
2023-07-17,117.5139,,,,74.1500015258789
2023-07-18,117.4145,,,,75.75
2023-07-19,117.745,,,,75.3499984741211
2023-07-20,117.9615,,,,75.62999725341797
2023-07-21,118.3072,,,,77.06999969482422
2023-07-24,118.1812,,,,78.73999786376953
2023-07-25,118.1978,,,,79.62999725341797
2023-07-26,118.1097,,,,78.77999877929688
2023-07-27,118.2497,,,,80.08999633789062
2023-07-28,118.1429,,,,80.58000183105469
2023-07-31,118.1738,,,,81.80000305175781
2023-08-01,118.9156,306.138,5.33,,81.37000274658203
2023-08-02,119.4622,,,,79.48999786376953
2023-08-03,119.7123,,,,81.55000305175781
2023-08-04,119.1684,,,,82.81999969482422
2023-08-07,119.4297,,,,81.94000244140625
2023-08-08,119.987,,,,82.91999816894531
2023-08-09,119.8273,,,,84.4000015258789
2023-08-10,119.5248,,,,82.81999969482422
2023-08-11,119.9929,,,,83.19000244140625
2023-08-14,120.4451,,,,82.51000213623047
2023-08-15,120.5927,,,,80.98999786376953
2023-08-16,120.7308,,,,79.37999725341797
2023-08-17,120.8924,,,,80.38999938964844
2023-08-18,120.7937,,,,81.25
2023-08-21,120.8271,,,,80.72000122070312
2023-08-22,120.7274,,,,80.3499984741211
2023-08-23,120.4036,,,,78.88999938964844
2023-08-24,120.5987,,,,79.05000305175781
2023-08-25,120.8752,,,,79.83000183105469
2023-08-28,120.687,,,,80.0999984741211
2023-08-29,120.6383,,,,81.16000366210938
2023-08-30,120.187,,,,81.62999725341797
2023-08-31,120.5882,,,,83.62999725341797
2023-09-01,121.1011,307.374,5.33,,85.55000305175781
2023-09-04,,,,,
2023-09-05,121.7785,,,,86.69000244140625
2023-09-06,122.2029,,,,87.54000091552734
2023-09-07,122.2903,,,,86.87000274658203
2023-09-08,122.2933,,,,87.51000213623047
2023-09-11,121.6757,,,,87.29000091552734
2023-09-12,121.6301,,,,88.83999633789062
2023-09-13,121.3981,,,,88.5199966430664
2023-09-14,121.5744,,,,90.16000366210938
2023-09-15,121.5361,,,,90.7699966430664
2023-09-18,121.5414,,,,91.4800033569336
2023-09-19,121.5175,,,,91.19999694824219
2023-09-20,121.32,,,,90.27999877929688
2023-09-21,121.8972,,,,89.62999725341797
2023-09-22,121.8735,,,,90.02999877929688
2023-09-25,122.4445,,,,89.68000030517578
2023-09-26,122.795,,,,90.38999938964844
2023-09-27,123.2947,,,,93.68000030517578
2023-09-28,122.8562,,,,91.70999908447266
2023-09-29,122.6332,,,,90.79000091552734
2023-10-01,,307.653,5.33,28296.967,
2023-10-02,123.3573,,,,88.81999969482422
2023-10-03,124.0624,,,,89.2300033569336
2023-10-04,123.8848,,,,84.22000122070312
2023-10-05,124.1752,,,,82.30999755859375
2023-10-06,123.6561,,,,82.79000091552734
2023-10-09,,,,,86.37999725341797
2023-10-10,123.2437,,,,85.97000122070312
2023-10-11,123.092,,,,83.48999786376953
2023-10-12,123.5087,,,,82.91000366210938
2023-10-13,123.8788,,,,87.69000244140625
2023-10-16,123.621,,,,86.66000366210938
2023-10-17,123.4334,,,,86.66000366210938
2023-10-18,124.1001,,,,88.31999969482422
2023-10-19,124.0861,,,,89.37000274658203
2023-10-20,123.9049,,,,88.75
2023-10-23,123.5935,,,,85.48999786376953
2023-10-24,123.9249,,,,83.73999786376953
2023-10-25,124.069,,,,85.38999938964844
2023-10-26,124.285,,,,83.20999908447266
2023-10-27,123.9145,,,,85.54000091552734
2023-10-30,123.7044,,,,82.30999755859375
2023-10-31,124.1229,,,,81.0199966430664
2023-11-01,124.0801,308.087,5.33,,80.44000244140625
2023-11-02,123.1995,,,,82.45999908447266
2023-11-03,122.1006,,,,80.51000213623047
2023-11-06,121.9692,,,,80.81999969482422
2023-11-07,122.3882,,,,77.37000274658203
2023-11-08,122.4055,,,,75.33000183105469
2023-11-09,122.4434,,,,75.73999786376953
2023-11-10,,,,,77.16999816894531
2023-11-13,122.7389,,,,78.26000213623047
2023-11-14,121.6865,,,,78.26000213623047
2023-11-15,121.4035,,,,76.66000366210938
2023-11-16,121.4953,,,,72.9000015258789
2023-11-17,121.1657,,,,75.88999938964844
2023-11-20,120.5653,,,,77.5999984741211
2023-11-21,120.5182,,,,77.7699966430664
2023-11-22,120.9757,,,,77.0999984741211
2023-11-23,,,,,
2023-11-24,120.5285,,,,75.54000091552734
2023-11-27,120.4893,,,,74.86000061035156
2023-11-28,119.9174,,,,76.41000366210938
2023-11-29,120.1246,,,,77.86000061035156
2023-11-30,120.5421,,,,75.95999908447266
2023-12-01,120.2542,308.735,5.33,,74.06999969482422
2023-12-04,120.7669,,,,73.04000091552734
2023-12-05,121.0731,,,,72.31999969482422
2023-12-06,120.8348,,,,69.37999725341797
2023-12-07,120.8938,,,,69.33999633789062
2023-12-08,121.0499,,,,71.2300033569336
2023-12-11,121.2212,,,,71.31999969482422
2023-12-12,120.9825,,,,68.61000061035156
2023-12-13,121.4667,,,,69.47000122070312
2023-12-14,119.8952,,,,71.58000183105469
2023-12-15,120.062,,,,71.43000030517578
2023-12-18,120.2386,,,,72.47000122070312
2023-12-19,119.8116,,,,73.44000244140625
2023-12-20,119.8872,,,,74.22000122070312
2023-12-21,119.6721,,,,73.88999938964844
2023-12-22,119.4214,,,,73.55999755859375
2023-12-25,,,,,
2023-12-26,119.2551,,,,75.56999969482422
2023-12-27,118.8525,,,,74.11000061035156
2023-12-28,118.762,,,,71.7699966430664
2023-12-29,118.7686,,,,71.6500015258789
2024-01-01,,309.794,5.33,28624.069,
2024-01-02,119.6165,,,,70.37999725341797
2024-01-03,120.0407,,,,72.69999694824219
2024-01-04,119.9775,,,,72.19000244140625
2024-01-05,119.7474,,,,73.80999755859375
2024-01-08,119.6237,,,,70.7699966430664
2024-01-09,120.0296,,,,72.23999786376953
2024-01-10,120.1258,,,,71.37000274658203
2024-01-11,120.2516,,,,72.0199966430664
2024-01-12,119.9009,,,,72.68000030517578
2024-01-15,,,,,
2024-01-16,120.9213,,,,72.4000015258789
2024-01-17,121.3823,,,,72.55999755859375
2024-01-18,121.2366,,,,74.08000183105469
2024-01-19,120.9947,,,,73.41000366210938
2024-01-22,120.9687,,,,75.19000244140625
2024-01-23,121.4244,,,,74.37000274658203
2024-01-24,120.8336,,,,75.08999633789062
2024-01-25,121.167,,,,77.36000061035156
2024-01-26,120.9665,,,,78.01000213623047
2024-01-29,121.1888,,,,76.77999877929688
2024-01-30,120.9442,,,,77.81999969482422
2024-01-31,120.7727,,,,75.8499984741211
2024-02-01,120.6832,311.022,5.33,,73.81999969482422
2024-02-02,121.2438,,,,72.27999877929688
2024-02-05,121.6831,,,,72.77999877929688
2024-02-06,121.3021,,,,73.30999755859375
2024-02-07,121.2518,,,,73.86000061035156
2024-02-08,121.4226,,,,76.22000122070312
2024-02-09,121.3851,,,,76.83999633789062
2024-02-12,121.2839,,,,76.91999816894531
2024-02-13,121.8558,,,,77.87000274658203
2024-02-14,121.7411,,,,76.63999938964844
2024-02-15,121.5567,,,,78.02999877929688
2024-02-16,121.4984,,,,79.19000244140625
2024-02-19,,,,,
2024-02-20,121.3769,,,,78.18000030517578
2024-02-21,121.3918,,,,77.91000366210938
2024-02-22,121.4589,,,,78.61000061035156
2024-02-23,121.3991,,,,76.48999786376953
2024-02-26,121.4197,,,,77.58000183105469
2024-02-27,121.3297,,,,78.87000274658203
2024-02-28,121.4886,,,,78.54000091552734
2024-02-29,121.5385,,,,78.26000213623047
2024-03-01,121.3741,312.107,5.33,,79.97000122070312
2024-03-04,121.2454,,,,78.73999786376953
2024-03-05,121.2575,,,,78.1500015258789
2024-03-06,120.8481,,,,79.12999725341797
2024-03-07,120.5744,,,,78.93000030517578
2024-03-08,120.3612,,,,78.01000213623047
2024-03-11,120.4205,,,,77.93000030517578
2024-03-12,120.5468,,,,77.55999755859375
2024-03-13,120.3533,,,,79.72000122070312
2024-03-14,120.6272,,,,81.26000213623047
2024-03-15,120.7884,,,,81.04000091552734
2024-03-18,120.9572,,,,82.72000122070312
2024-03-19,121.3111,,,,83.47000122070312
2024-03-20,121.3092,,,,81.68000030517578
2024-03-21,121.1869,,,,81.06999969482422
2024-03-22,121.5694,,,,80.62999725341797
2024-03-25,121.4143,,,,81.94999694824219
2024-03-26,121.4613,,,,81.62000274658203
2024-03-27,121.4048,,,,81.3499984741211
2024-03-28,121.4498,,,,83.16999816894531
2024-03-29,121.4062,,,,
2024-04-01,121.8884,313.016,5.33,29016.714,83.70999908447266
2024-04-02,121.6881,,,,85.1500015258789
2024-04-03,121.4129,,,,85.43000030517578
2024-04-04,121.1646,,,,86.58999633789062
2024-04-05,121.3671,,,,86.91000366210938
2024-04-08,121.1487,,,,86.43000030517578
2024-04-09,121.1215,,,,85.2300033569336
2024-04-10,121.9628,,,,86.20999908447266
2024-04-11,122.003,,,,85.0199966430664
2024-04-12,122.6566,,,,85.66000366210938
2024-04-15,122.7932,,,,85.41000366210938
2024-04-16,123.4732,,,,85.36000061035156
2024-04-17,123.375,,,,82.69000244140625
2024-04-18,123.3481,,,,82.7300033569336
2024-04-19,123.4459,,,,83.13999938964844
2024-04-22,123.4011,,,,82.8499984741211
2024-04-23,123.0779,,,,83.36000061035156
2024-04-24,123.2398,,,,82.80999755859375
2024-04-25,123.1916,,,,83.56999969482422
2024-04-26,123.3004,,,,83.8499984741211
2024-04-29,122.9074,,,,82.62999725341797
2024-04-30,123.3446,,,,81.93000030517578
2024-05-01,123.3776,313.14,5.33,,79.0
2024-05-02,122.8047,,,,78.94999694824219
2024-05-03,122.5056,,,,78.11000061035156
2024-05-06,122.2529,,,,78.4800033569336
2024-05-07,122.4588,,,,78.37999725341797
2024-05-08,122.5562,,,,78.98999786376953
2024-05-09,122.5322,,,,79.26000213623047
2024-05-10,122.3898,,,,78.26000213623047
2024-05-13,122.4068,,,,79.12000274658203
2024-05-14,122.3094,,,,78.0199966430664
2024-05-15,121.7471,,,,78.62999725341797
2024-05-16,121.6189,,,,79.2300033569336
2024-05-17,121.638,,,,80.05999755859375
2024-05-20,121.6377,,,,79.80000305175781
2024-05-21,121.7864,,,,79.26000213623047
2024-05-22,121.9514,,,,77.56999969482422
2024-05-23,122.1493,,,,76.87000274658203
2024-05-24,122.0215,,,,77.72000122070312
2024-05-27,,,,,
2024-05-28,121.8382,,,,79.83000183105469
2024-05-29,122.5535,,,,79.2300033569336
2024-05-30,122.356,,,,77.91000366210938
2024-05-31,122.4845,,,,76.98999786376953
2024-06-01,,313.131,5.33,,
2024-06-03,122.7156,,,,74.22000122070312
2024-06-04,123.0715,,,,73.25
2024-06-05,122.9014,,,,74.06999969482422
2024-06-06,122.7416,,,,75.55000305175781
2024-06-07,123.8707,,,,75.52999877929688
2024-06-10,124.2232,,,,77.73999786376953
2024-06-11,124.345,,,,77.9000015258789
2024-06-12,124.1411,,,,78.5
2024-06-13,124.3287,,,,78.62000274658203
2024-06-14,124.4755,,,,78.44999694824219
2024-06-17,124.5427,,,,80.33000183105469
2024-06-18,124.2835,,,,81.56999969482422
2024-06-19,,,,,
2024-06-20,124.496,,,,82.16999816894531
2024-06-21,124.4247,,,,80.7300033569336
2024-06-24,124.0379,,,,81.62999725341797
2024-06-25,124.26,,,,80.83000183105469
2024-06-26,124.5696,,,,80.9000015258789
2024-06-27,124.6406,,,,81.73999786376953
2024-06-28,124.5172,,,,81.54000091552734
2024-07-01,124.7723,313.566,5.33,29374.914,83.37999725341797
2024-07-02,124.608,,,,82.80999755859375
2024-07-03,124.1096,,,,83.87999725341797
2024-07-04,,,,,
2024-07-05,123.8192,,,,83.16000366210938
2024-07-08,123.706,,,,82.33000183105469
2024-07-09,123.7559,,,,81.41000366210938
2024-07-10,123.5508,,,,82.0999984741211
2024-07-11,123.1267,,,,82.62000274658203
2024-07-12,122.8093,,,,82.20999908447266
2024-07-15,123.0059,,,,81.91000366210938
2024-07-16,123.1024,,,,80.76000213623047
2024-07-17,122.892,,,,82.8499984741211
2024-07-18,123.1548,,,,82.81999969482422
2024-07-19,123.5033,,,,80.12999725341797
2024-07-22,123.5735,,,,79.77999877929688
2024-07-23,123.7296,,,,76.95999908447266
2024-07-24,123.8784,,,,77.58999633789062
2024-07-25,123.8341,,,,78.27999877929688
2024-07-26,123.9862,,,,77.16000366210938
2024-07-29,124.4412,,,,75.80999755859375
2024-07-30,124.576,,,,74.7300033569336
2024-07-31,123.9223,,,,77.91000366210938
2024-08-01,124.1551,314.131,5.33,,76.30999755859375
2024-08-02,123.7169,,,,73.5199966430664
2024-08-05,123.7919,,,,72.94000244140625
2024-08-06,123.8794,,,,73.19999694824219
2024-08-07,123.8126,,,,75.2300033569336
2024-08-08,123.6961,,,,76.19000244140625
2024-08-09,123.1964,,,,76.83999633789062
2024-08-12,123.4942,,,,80.05999755859375
2024-08-13,123.2819,,,,78.3499984741211
2024-08-14,122.7057,,,,76.9800033569336
2024-08-15,122.8791,,,,78.16000366210938
2024-08-16,122.6944,,,,76.6500015258789
2024-08-19,122.1762,,,,74.37000274658203
2024-08-20,122.0677,,,,74.04000091552734
2024-08-21,122.1407,,,,71.93000030517578
2024-08-22,122.6371,,,,73.01000213623047
2024-08-23,121.7525,,,,74.83000183105469
2024-08-26,121.9678,,,,77.41999816894531
2024-08-27,122.1318,,,,75.52999877929688
2024-08-28,122.1586,,,,74.5199966430664
2024-08-29,122.4706,,,,75.91000366210938
2024-08-30,122.5582,,,,73.55000305175781
2024-09-01,,314.851,5.13,,
2024-09-02,,,,,
2024-09-03,123.0052,,,,70.33999633789062
2024-09-04,122.7434,,,,69.19999694824219
2024-09-05,122.6747,,,,69.1500015258789
2024-09-06,122.7145,,,,67.66999816894531
2024-09-09,122.9408,,,,68.70999908447266
2024-09-10,123.2266,,,,65.75
2024-09-11,123.0007,,,,67.30999755859375
2024-09-12,122.684,,,,68.97000122070312
2024-09-13,121.9128,,,,68.6500015258789
2024-09-16,121.7684,,,,70.08999633789062
2024-09-17,121.8724,,,,71.19000244140625
2024-09-18,121.8295,,,,70.91000366210938
2024-09-19,121.5773,,,,71.94999694824219
2024-09-20,121.6673,,,,71.91999816894531
2024-09-23,121.687,,,,70.37000274658203
2024-09-24,121.3868,,,,71.55999755859375
2024-09-25,121.6868,,,,69.69000244140625
2024-09-26,121.3274,,,,67.66999816894531
2024-09-27,121.356,,,,68.18000030517578
2024-09-30,121.5298,,,,68.16999816894531
2024-10-01,121.9152,315.564,4.83,29723.864,69.83000183105469
2024-10-02,121.8154,,,,70.0999984741211
2024-10-03,122.3469,,,,73.70999908447266
2024-10-04,122.4533,,,,74.37999725341797
2024-10-07,122.6545,,,,77.13999938964844
2024-10-08,122.9111,,,,73.56999969482422
2024-10-09,123.1373,,,,73.23999786376953
2024-10-10,123.3431,,,,75.8499984741211
2024-10-11,123.2275,,,,75.55999755859375
2024-10-14,,,,,73.83000183105469
2024-10-15,123.773,,,,70.58000183105469
2024-10-16,124.1606,,,,70.38999938964844
2024-10-17,124.3466,,,,70.66999816894531
2024-10-18,124.1511,,,,69.22000122070312
2024-10-21,124.7004,,,,70.55999755859375
2024-10-22,124.6396,,,,72.08999633789062
2024-10-23,124.9181,,,,70.7699966430664
2024-10-24,124.743,,,,70.19000244140625
2024-10-25,124.8418,,,,71.77999877929688
2024-10-28,125.0385,,,,67.37999725341797
2024-10-29,125.0952,,,,67.20999908447266
2024-10-30,125.0444,,,,68.61000061035156
2024-10-31,125.0247,,,,69.26000213623047
2024-11-01,125.0403,316.449,4.64,,69.48999786376953
2024-11-04,124.8168,,,,71.47000122070312
2024-11-05,124.7803,,,,71.98999786376953
2024-11-06,125.9311,,,,71.69000244140625
2024-11-07,125.016,,,,72.36000061035156
2024-11-08,125.8066,,,,70.37999725341797
2024-11-11,,,,,68.04000091552734
2024-11-12,126.987,,,,68.12000274658203
2024-11-13,127.1591,,,,68.43000030517578
2024-11-14,127.2123,,,,68.69999694824219
2024-11-15,127.1021,,,,67.0199966430664
2024-11-18,126.8336,,,,69.16000366210938
2024-11-19,126.6361,,,,69.38999938964844
2024-11-20,127.1023,,,,68.87000274658203
2024-11-21,127.3063,,,,70.0999984741211
2024-11-22,127.6683,,,,71.23999786376953
2024-11-25,127.211,,,,68.94000244140625
2024-11-26,127.6435,,,,68.7699966430664
2024-11-27,127.0601,,,,68.72000122070312
2024-11-28,,,,,
2024-11-29,126.8114,,,,68.0
2024-12-01,,317.603,4.48,,
2024-12-02,127.3499,,,,68.0999984741211
2024-12-03,127.1983,,,,69.94000244140625
2024-12-04,126.9956,,,,68.54000091552734
2024-12-05,126.6638,,,,68.30000305175781
2024-12-06,126.9271,,,,67.19999694824219
2024-12-09,126.8394,,,,68.37000274658203
2024-12-10,127.1884,,,,68.58999633789062
2024-12-11,127.095,,,,70.29000091552734
2024-12-12,127.2039,,,,70.0199966430664
2024-12-13,127.5569,,,,71.29000091552734
2024-12-16,127.5235,,,,70.70999908447266
2024-12-17,127.7565,,,,70.08000183105469
2024-12-18,127.8936,,,,70.58000183105469
2024-12-19,128.8598,,,,69.91000366210938
2024-12-20,128.1411,,,,69.45999908447266
2024-12-23,128.5356,,,,69.23999786376953
2024-12-24,128.5651,,,,70.0999984741211
2024-12-25,,,,,
2024-12-26,128.5679,,,,69.62000274658203
2024-12-27,128.6972,,,,70.5999984741211
2024-12-30,129.0474,,,,70.98999786376953
2024-12-31,129.488,,,,71.72000122070312
2025-01-01,,319.086,4.33,29962.047,
2025-01-02,129.6666,,,,73.12999725341797
2025-01-03,129.6721,,,,73.95999908447266
2025-01-06,128.7878,,,,73.55999755859375
2025-01-07,128.8574,,,,74.25
2025-01-08,129.3038,,,,73.31999969482422
2025-01-09,129.4927,,,,73.91999816894531
2025-01-10,130.0513,,,,76.56999969482422
2025-01-13,130.2142,,,,78.81999969482422
2025-01-14,129.5812,,,,77.5
2025-01-15,129.4107,,,,80.04000091552734
2025-01-16,129.6284,,,,78.68000030517578
2025-01-17,129.6771,,,,77.87999725341797
2025-01-20,,,,,
2025-01-21,128.61,,,,75.88999938964844
2025-01-22,128.5428,,,,75.44000244140625
2025-01-23,128.4336,,,,74.62000274658203
2025-01-24,127.6833,,,,74.66000366210938
2025-01-27,128.2856,,,,73.16999816894531
2025-01-28,128.471,,,,73.7699966430664
2025-01-29,128.5324,,,,72.62000274658203
2025-01-30,128.2958,,,,72.7300033569336
2025-01-31,128.6686,,,,72.52999877929688
2025-02-01,,319.775,4.33,,
2025-02-03,129.2815,,,,73.16000366210938
2025-02-04,128.2993,,,,72.69999694824219
2025-02-05,128.1725,,,,71.02999877929688
2025-02-06,128.3958,,,,70.61000061035156
2025-02-07,128.6144,,,,71.0
2025-02-10,128.8215,,,,72.31999969482422
2025-02-11,128.629,,,,73.31999969482422
2025-02-12,128.5321,,,,71.37000274658203
2025-02-13,128.0821,,,,71.29000091552734
2025-02-14,127.3505,,,,70.73999786376953
2025-02-17,,,,,
2025-02-18,127.501,,,,71.8499984741211
2025-02-19,127.9207,,,,72.25
2025-02-20,127.3057,,,,72.56999969482422
2025-02-21,127.3285,,,,70.4000015258789
2025-02-24,127.3749,,,,70.69999694824219
2025-02-25,127.5544,,,,68.93000030517578
2025-02-26,127.4762,,,,68.62000274658203
2025-02-27,128.1589,,,,70.3499984741211
2025-02-28,128.4646,,,,69.76000213623047
2025-03-01,,319.615,4.33,,
2025-03-03,127.9558,,,,68.37000274658203
2025-03-04,128.1864,,,,68.26000213623047
2025-03-05,126.7441,,,,66.30999755859375
2025-03-06,126.3526,,,,66.36000061035156
2025-03-07,126.2243,,,,67.04000091552734
2025-03-10,126.5199,,,,66.02999877929688
2025-03-11,126.2896,,,,66.25
2025-03-12,126.1251,,,,67.68000030517578
2025-03-13,126.2551,,,,66.55000305175781
2025-03-14,125.9538,,,,67.18000030517578
2025-03-17,125.6291,,,,67.58000183105469
2025-03-18,125.7402,,,,66.9000015258789
2025-03-19,126.0515,,,,67.16000366210938
2025-03-20,126.237,,,,68.26000213623047
2025-03-21,126.509,,,,68.27999877929688
2025-03-24,126.4403,,,,69.11000061035156
2025-03-25,126.3075,,,,69.0
2025-03-26,126.4839,,,,69.6500015258789
2025-03-27,126.6098,,,,69.91999816894531
2025-03-28,126.6599,,,,69.36000061035156
2025-03-31,126.9402,,,,71.4800033569336
2025-04-01,126.6783,320.321,4.33,,71.19999694824219
2025-04-02,126.6284,,,,71.70999908447266
2025-04-03,125.0254,,,,66.94999694824219
2025-04-04,126.0693,,,,61.9900016784668
2025-04-07,127.0629,,,,60.70000076293945
2025-04-08,127.1122,,,,59.58000183105469
2025-04-09,126.8819,,,,62.349998474121094
2025-04-10,125.3694,,,,60.06999969482422
2025-04-11,124.3156,,,,61.5
2025-04-14,123.9908,,,,61.529998779296875
2025-04-15,124.1129,,,,61.33000183105469
2025-04-16,123.6167,,,,62.470001220703125
2025-04-17,123.4733,,,,64.68000030517578
2025-04-18,123.3365,,,,
2025-04-21,122.677,,,,63.08000183105469
2025-04-22,122.7879,,,,64.30999755859375
2025-04-23,123.375,,,,62.27000045776367
2025-04-24,123.285,,,,62.790000915527344
2025-04-25,123.2454,,,,63.02000045776367
2025-04-28,123.0856,,,,62.04999923706055
2025-04-29,122.9514,,,,60.41999816894531
2025-04-30,122.944,,,,58.209999084472656
2025-05-01,123.4811,320.58,4.33,,59.2400016784668
2025-05-02,122.859,,,,58.290000915527344
2025-05-05,122.6335,,,,57.130001068115234
2025-05-06,122.3907,,,,59.09000015258789
2025-05-07,122.4652,,,,58.06999969482422
2025-05-08,123.1019,,,,59.90999984741211
2025-05-09,122.879,,,,61.02000045776367
2025-05-12,123.7948,,,,61.95000076293945
2025-05-13,123.2905,,,,63.66999816894531
2025-05-14,123.0145,,,,63.150001525878906
2025-05-15,123.1492,,,,61.619998931884766
2025-05-16,123.3969,,,,62.4900016784668
2025-05-19,122.7649,,,,62.689998626708984
2025-05-20,122.673,,,,62.560001373291016
2025-05-21,122.1012,,,,61.56999969482422
2025-05-22,122.3865,,,,61.20000076293945
2025-05-23,121.7283,,,,61.529998779296875
2025-05-26,,,,,
2025-05-27,121.9634,,,,60.88999938964844
2025-05-28,122.3295,,,,61.84000015258789
2025-05-29,121.9108,,,,60.939998626708984
2025-05-30,122.1112,,,,60.790000915527344
2025-06-01,,,4.33,,
2025-06-02,121.549,,,,62.52000045776367
2025-06-03,121.808,,,,63.40999984741211
2025-06-04,121.4093,,,,62.849998474121094
2025-06-05,121.3178,,,,63.369998931884766
2025-06-06,121.5217,,,,64.58000183105469
2025-06-09,121.2757,,,,65.29000091552734
2025-06-10,121.4134,,,,64.9800033569336
2025-06-11,120.9763,,,,68.1500015258789
2025-06-12,120.565,,,,68.04000091552734
2025-06-13,120.7131,,,,72.9800033569336
2025-06-16,120.5449,,,,71.7699966430664
2025-06-17,120.8862,,,,74.83999633789062
2025-06-18,121.1093,,,,75.13999938964844
2025-06-19,,,,,
2025-06-20,121.411,,,,74.93000030517578
2025-06-23,121.5412,,,,68.51000213623047
2025-06-24,120.7549,,,,64.37000274658203
2025-06-25,120.7333,,,,64.91999816894531
2025-06-26,120.0587,,,,65.23999786376953
2025-06-27,120.0786,,,,65.5199966430664
2025-06-30,119.8269,,,,65.11000061035156
2025-07-01,119.7678,,,,65.44999694824219
2025-07-02,119.7289,,,,67.44999694824219
2025-07-03,119.6678,,,,67.0
2025-07-04,,,,,66.5
2025-07-07,,,,,67.93000030517578
2025-07-08,,,,,68.33000183105469
2025-07-09,,,,,68.37999725341797
